{"Passenger":[{},{"ID":"BP_CrowdCharacter0","X":1949.1273193359375,"Y":-5223.03173828125,"Z":700.39996337890625},{"ID":"BP_CrowdCharacter1","X":1966.3353271484375,"Y":-5226.14892578125,"Z":698}]}